age_group_id,cause_id,location_id,measure_id,metric_id,sex_id,year_id,acause,age_group_name,cause_name,expected,location_name,location_type,measure,measure_name,metric_name,sex,val,upper,lower,age_group_alternative_name,age_midpoint,age_group_years_end,age_group_name_plot
8,432,44575,1,3,2,2023,neo_cervical,15 to 19,Cervical cancer,FALSE,World Bank High Income,region,death,Deaths,Rate,Female,2.63291017829921e-07,2.97446389619142e-07,2.29899056211113e-07,15-19 years,17.5,20,15-19
8,432,44575,6,3,2,2023,neo_cervical,15 to 19,Cervical cancer,FALSE,World Bank High Income,region,incidence,Incidence,Rate,Female,1.69004224995479e-06,2.06785909429167e-06,1.35192978634949e-06,15-19 years,17.5,20,15-19
8,432,44578,1,3,2,2023,neo_cervical,15 to 19,Cervical cancer,FALSE,World Bank Low Income,region,death,Deaths,Rate,Female,1.94712301702132e-05,2.82524952590574e-05,1.22670142040853e-05,15-19 years,17.5,20,15-19
8,432,44578,6,3,2,2023,neo_cervical,15 to 19,Cervical cancer,FALSE,World Bank Low Income,region,incidence,Incidence,Rate,Female,4.47411947590888e-05,6.72463433272416e-05,2.6822198565589e-05,15-19 years,17.5,20,15-19
8,432,44577,1,3,2,2023,neo_cervical,15 to 19,Cervical cancer,FALSE,World Bank Lower Middle Income,region,death,Deaths,Rate,Female,6.41246069032569e-06,9.40067501839928e-06,4.24162333419208e-06,15-19 years,17.5,20,15-19
8,432,44577,6,3,2,2023,neo_cervical,15 to 19,Cervical cancer,FALSE,World Bank Lower Middle Income,region,incidence,Incidence,Rate,Female,1.65673691439275e-05,2.4920960522261e-05,1.02326044688754e-05,15-19 years,17.5,20,15-19
8,432,44576,1,3,2,2023,neo_cervical,15 to 19,Cervical cancer,FALSE,World Bank Upper Middle Income,region,death,Deaths,Rate,Female,1.35570500419251e-06,1.86988340949039e-06,1.06189057852917e-06,15-19 years,17.5,20,15-19
8,432,44576,6,3,2,2023,neo_cervical,15 to 19,Cervical cancer,FALSE,World Bank Upper Middle Income,region,incidence,Incidence,Rate,Female,4.60415207757136e-06,6.50215675351851e-06,3.54890616493035e-06,15-19 years,17.5,20,15-19
8,432,1,1,3,2,2023,neo_cervical,15 to 19,Cervical cancer,FALSE,Global,global,death,Deaths,Rate,Female,5.7717285527133e-06,8.21309325318915e-06,3.81378033197796e-06,15-19 years,17.5,20,15-19
8,432,1,6,3,2,2023,neo_cervical,15 to 19,Cervical cancer,FALSE,Global,global,incidence,Incidence,Rate,Female,1.46833276879458e-05,2.22843371593907e-05,9.31733578306969e-06,15-19 years,17.5,20,15-19
9,432,44575,1,3,2,2023,neo_cervical,20 to 24,Cervical cancer,FALSE,World Bank High Income,region,death,Deaths,Rate,Female,1.14811445340063e-06,1.30851545598235e-06,1.01382879104595e-06,20-24 years,22.5,25,20-24
9,432,44575,6,3,2,2023,neo_cervical,20 to 24,Cervical cancer,FALSE,World Bank High Income,region,incidence,Incidence,Rate,Female,1.49332314101245e-05,1.86398689772342e-05,1.16724151173156e-05,20-24 years,22.5,25,20-24
9,432,44578,1,3,2,2023,neo_cervical,20 to 24,Cervical cancer,FALSE,World Bank Low Income,region,death,Deaths,Rate,Female,3.45708348973797e-05,5.33877026735549e-05,2.09548032449453e-05,20-24 years,22.5,25,20-24
9,432,44578,6,3,2,2023,neo_cervical,20 to 24,Cervical cancer,FALSE,World Bank Low Income,region,incidence,Incidence,Rate,Female,0.000128784438280912,0.000196096813731441,7.32865969461613e-05,20-24 years,22.5,25,20-24
9,432,44577,1,3,2,2023,neo_cervical,20 to 24,Cervical cancer,FALSE,World Bank Lower Middle Income,region,death,Deaths,Rate,Female,1.301846079326e-05,1.99592017708165e-05,8.04777069187295e-06,20-24 years,22.5,25,20-24
9,432,44577,6,3,2,2023,neo_cervical,20 to 24,Cervical cancer,FALSE,World Bank Lower Middle Income,region,incidence,Incidence,Rate,Female,5.65231800673923e-05,8.56810905324438e-05,3.23287139667813e-05,20-24 years,22.5,25,20-24
9,432,44576,1,3,2,2023,neo_cervical,20 to 24,Cervical cancer,FALSE,World Bank Upper Middle Income,region,death,Deaths,Rate,Female,3.4945993973831e-06,4.61091245970411e-06,2.77030934603278e-06,20-24 years,22.5,25,20-24
9,432,44576,6,3,2,2023,neo_cervical,20 to 24,Cervical cancer,FALSE,World Bank Upper Middle Income,region,incidence,Incidence,Rate,Female,2.05205786400078e-05,2.71665412166344e-05,1.55510628202392e-05,20-24 years,22.5,25,20-24
9,432,1,1,3,2,2023,neo_cervical,20 to 24,Cervical cancer,FALSE,Global,global,death,Deaths,Rate,Female,1.10406587456029e-05,1.64718073874179e-05,7.24514386382387e-06,20-24 years,22.5,25,20-24
9,432,1,6,3,2,2023,neo_cervical,20 to 24,Cervical cancer,FALSE,Global,global,incidence,Incidence,Rate,Female,4.84693442240637e-05,7.03274189892416e-05,3.03814684018261e-05,20-24 years,22.5,25,20-24
10,432,44575,1,3,2,2023,neo_cervical,25 to 29,Cervical cancer,FALSE,World Bank High Income,region,death,Deaths,Rate,Female,5.45557821268727e-06,6.00483356176059e-06,4.99772172431637e-06,25-29 years,27.5,30,25-29
10,432,44575,6,3,2,2023,neo_cervical,25 to 29,Cervical cancer,FALSE,World Bank High Income,region,incidence,Incidence,Rate,Female,8.2799831233673e-05,0.000101459337654877,6.64446406361037e-05,25-29 years,27.5,30,25-29
10,432,44578,1,3,2,2023,neo_cervical,25 to 29,Cervical cancer,FALSE,World Bank Low Income,region,death,Deaths,Rate,Female,9.46485464329741e-05,0.000142972527006443,5.66529859829821e-05,25-29 years,27.5,30,25-29
10,432,44578,6,3,2,2023,neo_cervical,25 to 29,Cervical cancer,FALSE,World Bank Low Income,region,incidence,Incidence,Rate,Female,0.000427658652021273,0.000697453935209197,0.000250623675933278,25-29 years,27.5,30,25-29
10,432,44577,1,3,2,2023,neo_cervical,25 to 29,Cervical cancer,FALSE,World Bank Lower Middle Income,region,death,Deaths,Rate,Female,2.69578453892559e-05,3.99953901297515e-05,1.73695438770602e-05,25-29 years,27.5,30,25-29
10,432,44577,6,3,2,2023,neo_cervical,25 to 29,Cervical cancer,FALSE,World Bank Lower Middle Income,region,incidence,Incidence,Rate,Female,0.000141365782882802,0.000220558143289916,8.21920069404726e-05,25-29 years,27.5,30,25-29
10,432,44576,1,3,2,2023,neo_cervical,25 to 29,Cervical cancer,FALSE,World Bank Upper Middle Income,region,death,Deaths,Rate,Female,1.21339122474283e-05,1.53787159197856e-05,1.01440845023457e-05,25-29 years,27.5,30,25-29
10,432,44576,6,3,2,2023,neo_cervical,25 to 29,Cervical cancer,FALSE,World Bank Upper Middle Income,region,incidence,Incidence,Rate,Female,8.68975540283201e-05,0.000115596298055624,6.75622987622729e-05,25-29 years,27.5,30,25-29
10,432,1,1,3,2,2023,neo_cervical,25 to 29,Cervical cancer,FALSE,Global,global,death,Deaths,Rate,Female,2.55582241912688e-05,3.65524456958967e-05,1.74204019703301e-05,25-29 years,27.5,30,25-29
10,432,1,6,3,2,2023,neo_cervical,25 to 29,Cervical cancer,FALSE,Global,global,incidence,Incidence,Rate,Female,0.00014267943445369,0.000208315941069951,9.60031599395813e-05,25-29 years,27.5,30,25-29
11,432,44575,1,3,2,2023,neo_cervical,30 to 34,Cervical cancer,FALSE,World Bank High Income,region,death,Deaths,Rate,Female,1.72461095728148e-05,1.84780108262836e-05,1.62584230559374e-05,30-34 years,32.5,35,30-34
11,432,44575,6,3,2,2023,neo_cervical,30 to 34,Cervical cancer,FALSE,World Bank High Income,region,incidence,Incidence,Rate,Female,0.000214106943974569,0.000259110026173044,0.000175015966868916,30-34 years,32.5,35,30-34
11,432,44578,1,3,2,2023,neo_cervical,30 to 34,Cervical cancer,FALSE,World Bank Low Income,region,death,Deaths,Rate,Female,0.000261348663186206,0.000392873598854785,0.000175792000743244,30-34 years,32.5,35,30-34
11,432,44578,6,3,2,2023,neo_cervical,30 to 34,Cervical cancer,FALSE,World Bank Low Income,region,incidence,Incidence,Rate,Female,0.00107509495724174,0.00169004803519274,0.000701527311035661,30-34 years,32.5,35,30-34
11,432,44577,1,3,2,2023,neo_cervical,30 to 34,Cervical cancer,FALSE,World Bank Lower Middle Income,region,death,Deaths,Rate,Female,6.48944494578113e-05,9.72949606358016e-05,4.2306301279718e-05,30-34 years,32.5,35,30-34
11,432,44577,6,3,2,2023,neo_cervical,30 to 34,Cervical cancer,FALSE,World Bank Lower Middle Income,region,incidence,Incidence,Rate,Female,0.000309537942707032,0.000472651322874418,0.000197665723110399,30-34 years,32.5,35,30-34
11,432,44576,1,3,2,2023,neo_cervical,30 to 34,Cervical cancer,FALSE,World Bank Upper Middle Income,region,death,Deaths,Rate,Female,2.87120634326311e-05,3.69341463310104e-05,2.39757341625818e-05,30-34 years,32.5,35,30-34
11,432,44576,6,3,2,2023,neo_cervical,30 to 34,Cervical cancer,FALSE,World Bank Upper Middle Income,region,incidence,Incidence,Rate,Female,0.000187295338360204,0.000245277845268408,0.000144979586361724,30-34 years,32.5,35,30-34
11,432,1,1,3,2,2023,neo_cervical,30 to 34,Cervical cancer,FALSE,Global,global,death,Deaths,Rate,Female,5.94919651568414e-05,8.38755370662525e-05,4.35236440456617e-05,30-34 years,32.5,35,30-34
11,432,1,6,3,2,2023,neo_cervical,30 to 34,Cervical cancer,FALSE,Global,global,incidence,Incidence,Rate,Female,0.000309432564394221,0.000437165093645184,0.00022546214057356,30-34 years,32.5,35,30-34
12,432,44575,1,3,2,2023,neo_cervical,35 to 39,Cervical cancer,FALSE,World Bank High Income,region,death,Deaths,Rate,Female,3.20294429946273e-05,3.37492785700279e-05,3.03918010919834e-05,35-39 years,37.5,40,35-39
12,432,44575,6,3,2,2023,neo_cervical,35 to 39,Cervical cancer,FALSE,World Bank High Income,region,incidence,Incidence,Rate,Female,0.000279252262560229,0.000331423881308668,0.000231823637014054,35-39 years,37.5,40,35-39
12,432,44578,1,3,2,2023,neo_cervical,35 to 39,Cervical cancer,FALSE,World Bank Low Income,region,death,Deaths,Rate,Female,0.000420328367150257,0.000614553681636366,0.000281055494900169,35-39 years,37.5,40,35-39
12,432,44578,6,3,2,2023,neo_cervical,35 to 39,Cervical cancer,FALSE,World Bank Low Income,region,incidence,Incidence,Rate,Female,0.0013451139446859,0.00206356732242736,0.000895752236526119,35-39 years,37.5,40,35-39
12,432,44577,1,3,2,2023,neo_cervical,35 to 39,Cervical cancer,FALSE,World Bank Lower Middle Income,region,death,Deaths,Rate,Female,0.000110174687884075,0.000160104963707091,7.25755071218892e-05,35-39 years,37.5,40,35-39
12,432,44577,6,3,2,2023,neo_cervical,35 to 39,Cervical cancer,FALSE,World Bank Lower Middle Income,region,incidence,Incidence,Rate,Female,0.000409279915734803,0.000637396922926386,0.000255808089391998,35-39 years,37.5,40,35-39
12,432,44576,1,3,2,2023,neo_cervical,35 to 39,Cervical cancer,FALSE,World Bank Upper Middle Income,region,death,Deaths,Rate,Female,4.92541617839022e-05,6.24469811272118e-05,4.08418779088366e-05,35-39 years,37.5,40,35-39
12,432,44576,6,3,2,2023,neo_cervical,35 to 39,Cervical cancer,FALSE,World Bank Upper Middle Income,region,incidence,Incidence,Rate,Female,0.000253082288419126,0.000340591683003325,0.000192644325563958,35-39 years,37.5,40,35-39
12,432,1,1,3,2,2023,neo_cervical,35 to 39,Cervical cancer,FALSE,Global,global,death,Deaths,Rate,Female,9.38640411063821e-05,0.000130180396080454,7.03766020951798e-05,35-39 years,37.5,40,35-39
12,432,1,6,3,2,2023,neo_cervical,35 to 39,Cervical cancer,FALSE,Global,global,incidence,Incidence,Rate,Female,0.00038865470554032,0.00054562238556825,0.000290685851947004,35-39 years,37.5,40,35-39
13,432,44575,1,3,2,2023,neo_cervical,40 to 44,Cervical cancer,FALSE,World Bank High Income,region,death,Deaths,Rate,Female,4.54064867209419e-05,4.7866390566744e-05,4.31606326816775e-05,40-44 years,42.5,45,40-44
13,432,44575,6,3,2,2023,neo_cervical,40 to 44,Cervical cancer,FALSE,World Bank High Income,region,incidence,Incidence,Rate,Female,0.000287042021731032,0.000330698540670766,0.000242826369556847,40-44 years,42.5,45,40-44
13,432,44578,1,3,2,2023,neo_cervical,40 to 44,Cervical cancer,FALSE,World Bank Low Income,region,death,Deaths,Rate,Female,0.000596955413953078,0.000859969698707592,0.000402603423507641,40-44 years,42.5,45,40-44
13,432,44578,6,3,2,2023,neo_cervical,40 to 44,Cervical cancer,FALSE,World Bank Low Income,region,incidence,Incidence,Rate,Female,0.00149381219323146,0.0021793954292237,0.000991456465868252,40-44 years,42.5,45,40-44
13,432,44577,1,3,2,2023,neo_cervical,40 to 44,Cervical cancer,FALSE,World Bank Lower Middle Income,region,death,Deaths,Rate,Female,0.000174292057053143,0.000251628391345651,0.000115322623733574,40-44 years,42.5,45,40-44
13,432,44577,6,3,2,2023,neo_cervical,40 to 44,Cervical cancer,FALSE,World Bank Lower Middle Income,region,incidence,Incidence,Rate,Female,0.000501867346214864,0.000730421932410008,0.000322599650748669,40-44 years,42.5,45,40-44
13,432,44576,1,3,2,2023,neo_cervical,40 to 44,Cervical cancer,FALSE,World Bank Upper Middle Income,region,death,Deaths,Rate,Female,8.55045281496984e-05,0.000108551186605561,7.05306368494987e-05,40-44 years,42.5,45,40-44
13,432,44576,6,3,2,2023,neo_cervical,40 to 44,Cervical cancer,FALSE,World Bank Upper Middle Income,region,incidence,Incidence,Rate,Female,0.000331462841339137,0.000423638535671754,0.000263154811295541,40-44 years,42.5,45,40-44
13,432,1,1,3,2,2023,neo_cervical,40 to 44,Cervical cancer,FALSE,Global,global,death,Deaths,Rate,Female,0.000141979937547418,0.000190879286641687,0.000105866386732493,40-44 years,42.5,45,40-44
13,432,1,6,3,2,2023,neo_cervical,40 to 44,Cervical cancer,FALSE,Global,global,incidence,Incidence,Rate,Female,0.000457324398786666,0.000637949397422335,0.000343263695117787,40-44 years,42.5,45,40-44
14,432,44575,1,3,2,2023,neo_cervical,45 to 49,Cervical cancer,FALSE,World Bank High Income,region,death,Deaths,Rate,Female,5.81938076741733e-05,6.15029228348172e-05,5.45901360346624e-05,45-49 years,47.5,50,45-49
14,432,44575,6,3,2,2023,neo_cervical,45 to 49,Cervical cancer,FALSE,World Bank High Income,region,incidence,Incidence,Rate,Female,0.000268012334680936,0.000305008025905175,0.000229258711746714,45-49 years,47.5,50,45-49
14,432,44578,1,3,2,2023,neo_cervical,45 to 49,Cervical cancer,FALSE,World Bank Low Income,region,death,Deaths,Rate,Female,0.000597439710164968,0.000836318747400905,0.000417945700969994,45-49 years,47.5,50,45-49
14,432,44578,6,3,2,2023,neo_cervical,45 to 49,Cervical cancer,FALSE,World Bank Low Income,region,incidence,Incidence,Rate,Female,0.00123295713461717,0.00172479131825143,0.000848923965763785,45-49 years,47.5,50,45-49
14,432,44577,1,3,2,2023,neo_cervical,45 to 49,Cervical cancer,FALSE,World Bank Lower Middle Income,region,death,Deaths,Rate,Female,0.000224608239531526,0.000319227855364764,0.000159963697067883,45-49 years,47.5,50,45-49
14,432,44577,6,3,2,2023,neo_cervical,45 to 49,Cervical cancer,FALSE,World Bank Lower Middle Income,region,incidence,Incidence,Rate,Female,0.000523942249496791,0.000738317291995152,0.000357439847324064,45-49 years,47.5,50,45-49
14,432,44576,1,3,2,2023,neo_cervical,45 to 49,Cervical cancer,FALSE,World Bank Upper Middle Income,region,death,Deaths,Rate,Female,0.000109925196674107,0.000137036836607788,8.87230396528492e-05,45-49 years,47.5,50,45-49
14,432,44576,6,3,2,2023,neo_cervical,45 to 49,Cervical cancer,FALSE,World Bank Upper Middle Income,region,incidence,Incidence,Rate,Female,0.000352749035339968,0.000441017738880872,0.000269343949980238,45-49 years,47.5,50,45-49
14,432,1,1,3,2,2023,neo_cervical,45 to 49,Cervical cancer,FALSE,Global,global,death,Deaths,Rate,Female,0.000164337778949505,0.000216212536099757,0.000128466961090383,45-49 years,47.5,50,45-49
14,432,1,6,3,2,2023,neo_cervical,45 to 49,Cervical cancer,FALSE,Global,global,incidence,Incidence,Rate,Female,0.000440747228466886,0.000584880607335683,0.00033528636862207,45-49 years,47.5,50,45-49
15,432,44575,1,3,2,2023,neo_cervical,50 to 54,Cervical cancer,FALSE,World Bank High Income,region,death,Deaths,Rate,Female,7.13365327397521e-05,7.5420139518562e-05,6.69476299367078e-05,50-54 years,52.5,55,50-54
15,432,44575,6,3,2,2023,neo_cervical,50 to 54,Cervical cancer,FALSE,World Bank High Income,region,incidence,Incidence,Rate,Female,0.000245600040180948,0.000278540745344024,0.000214700427260791,50-54 years,52.5,55,50-54
15,432,44578,1,3,2,2023,neo_cervical,50 to 54,Cervical cancer,FALSE,World Bank Low Income,region,death,Deaths,Rate,Female,0.000603833823096423,0.000873569880957055,0.000402737325685945,50-54 years,52.5,55,50-54
15,432,44578,6,3,2,2023,neo_cervical,50 to 54,Cervical cancer,FALSE,World Bank Low Income,region,incidence,Incidence,Rate,Female,0.00104988047152615,0.00151420908424145,0.000718015203530539,50-54 years,52.5,55,50-54
15,432,44577,1,3,2,2023,neo_cervical,50 to 54,Cervical cancer,FALSE,World Bank Lower Middle Income,region,death,Deaths,Rate,Female,0.000286818511877196,0.000412302170609882,0.000199050079676434,50-54 years,52.5,55,50-54
15,432,44577,6,3,2,2023,neo_cervical,50 to 54,Cervical cancer,FALSE,World Bank Lower Middle Income,region,incidence,Incidence,Rate,Female,0.000550227520808567,0.000794838184103137,0.000376843176806437,50-54 years,52.5,55,50-54
15,432,44576,1,3,2,2023,neo_cervical,50 to 54,Cervical cancer,FALSE,World Bank Upper Middle Income,region,death,Deaths,Rate,Female,0.000134657342969733,0.000173175811258214,0.000102028746924879,50-54 years,52.5,55,50-54
15,432,44576,6,3,2,2023,neo_cervical,50 to 54,Cervical cancer,FALSE,World Bank Upper Middle Income,region,incidence,Incidence,Rate,Female,0.00035676503435593,0.000462099203340376,0.000264488145306314,50-54 years,52.5,55,50-54
15,432,1,1,3,2,2023,neo_cervical,50 to 54,Cervical cancer,FALSE,Global,global,death,Deaths,Rate,Female,0.000188263510205619,0.000243578651835263,0.000146987127446586,50-54 years,52.5,55,50-54
15,432,1,6,3,2,2023,neo_cervical,50 to 54,Cervical cancer,FALSE,Global,global,incidence,Incidence,Rate,Female,0.000422942003888761,0.000532856639046312,0.000331404215903682,50-54 years,52.5,55,50-54
16,432,44575,1,3,2,2023,neo_cervical,55 to 59,Cervical cancer,FALSE,World Bank High Income,region,death,Deaths,Rate,Female,8.28946347091507e-05,8.87103766496362e-05,7.74492238896324e-05,55-59 years,57.5,60,55-59
16,432,44575,6,3,2,2023,neo_cervical,55 to 59,Cervical cancer,FALSE,World Bank High Income,region,incidence,Incidence,Rate,Female,0.000244810917691129,0.000277237751113056,0.000212542395916468,55-59 years,57.5,60,55-59
16,432,44578,1,3,2,2023,neo_cervical,55 to 59,Cervical cancer,FALSE,World Bank Low Income,region,death,Deaths,Rate,Female,0.00053283894037757,0.000776923924666089,0.000357956308798049,55-59 years,57.5,60,55-59
16,432,44578,6,3,2,2023,neo_cervical,55 to 59,Cervical cancer,FALSE,World Bank Low Income,region,incidence,Incidence,Rate,Female,0.000845689494861902,0.00124048584035884,0.000568022329323659,55-59 years,57.5,60,55-59
16,432,44577,1,3,2,2023,neo_cervical,55 to 59,Cervical cancer,FALSE,World Bank Lower Middle Income,region,death,Deaths,Rate,Female,0.000334874857426056,0.00048738040592927,0.000219106062493173,55-59 years,57.5,60,55-59
16,432,44577,6,3,2,2023,neo_cervical,55 to 59,Cervical cancer,FALSE,World Bank Lower Middle Income,region,incidence,Incidence,Rate,Female,0.000576949357746265,0.000840865296789522,0.000379627989152615,55-59 years,57.5,60,55-59
16,432,44576,1,3,2,2023,neo_cervical,55 to 59,Cervical cancer,FALSE,World Bank Upper Middle Income,region,death,Deaths,Rate,Female,0.000151938524689319,0.000188644498229798,0.000114398608117251,55-59 years,57.5,60,55-59
16,432,44576,6,3,2,2023,neo_cervical,55 to 59,Cervical cancer,FALSE,World Bank Upper Middle Income,region,incidence,Incidence,Rate,Female,0.000355250022299666,0.000460752886741965,0.000251986114516994,55-59 years,57.5,60,55-59
16,432,1,1,3,2,2023,neo_cervical,55 to 59,Cervical cancer,FALSE,Global,global,death,Deaths,Rate,Female,0.000201321856699846,0.000262913975594524,0.000153518686155436,55-59 years,57.5,60,55-59
16,432,1,6,3,2,2023,neo_cervical,55 to 59,Cervical cancer,FALSE,Global,global,incidence,Incidence,Rate,Female,0.00041028930814079,0.000540769267302027,0.000318900192080757,55-59 years,57.5,60,55-59
17,432,44575,1,3,2,2023,neo_cervical,60 to 64,Cervical cancer,FALSE,World Bank High Income,region,death,Deaths,Rate,Female,9.0116072500854e-05,9.6900573777967e-05,8.42350572843461e-05,60-64 years,62.5,65,60-64
17,432,44575,6,3,2,2023,neo_cervical,60 to 64,Cervical cancer,FALSE,World Bank High Income,region,incidence,Incidence,Rate,Female,0.000236958569236004,0.000265594360407498,0.000204145670454631,60-64 years,62.5,65,60-64
17,432,44578,1,3,2,2023,neo_cervical,60 to 64,Cervical cancer,FALSE,World Bank Low Income,region,death,Deaths,Rate,Female,0.000578696225313301,0.000904692044079702,0.000357747922022654,60-64 years,62.5,65,60-64
17,432,44578,6,3,2,2023,neo_cervical,60 to 64,Cervical cancer,FALSE,World Bank Low Income,region,incidence,Incidence,Rate,Female,0.00083630244955753,0.00129268931815564,0.000518439846347925,60-64 years,62.5,65,60-64
17,432,44577,1,3,2,2023,neo_cervical,60 to 64,Cervical cancer,FALSE,World Bank Lower Middle Income,region,death,Deaths,Rate,Female,0.000376032925378713,0.000567007853166859,0.000243814864734024,60-64 years,62.5,65,60-64
17,432,44577,6,3,2,2023,neo_cervical,60 to 64,Cervical cancer,FALSE,World Bank Lower Middle Income,region,incidence,Incidence,Rate,Female,0.000589384508622838,0.000894835859020165,0.000383025463372577,60-64 years,62.5,65,60-64
17,432,44576,1,3,2,2023,neo_cervical,60 to 64,Cervical cancer,FALSE,World Bank Upper Middle Income,region,death,Deaths,Rate,Female,0.000166397232309032,0.000205558195073452,0.000131194811586258,60-64 years,62.5,65,60-64
17,432,44576,6,3,2,2023,neo_cervical,60 to 64,Cervical cancer,FALSE,World Bank Upper Middle Income,region,incidence,Incidence,Rate,Female,0.000344885809933183,0.000440475794240323,0.000260785683519293,60-64 years,62.5,65,60-64
17,432,1,1,3,2,2023,neo_cervical,60 to 64,Cervical cancer,FALSE,Global,global,death,Deaths,Rate,Female,0.000218767542420084,0.0002923045478961,0.000164765885686312,60-64 years,62.5,65,60-64
17,432,1,6,3,2,2023,neo_cervical,60 to 64,Cervical cancer,FALSE,Global,global,incidence,Incidence,Rate,Female,0.00040135371429878,0.000521012780921662,0.000311936817847539,60-64 years,62.5,65,60-64
18,432,44575,1,3,2,2023,neo_cervical,65 to 69,Cervical cancer,FALSE,World Bank High Income,region,death,Deaths,Rate,Female,0.000107239412378555,0.000115819422384418,9.82905858529938e-05,65-69 years,67.5,70,65-69
18,432,44575,6,3,2,2023,neo_cervical,65 to 69,Cervical cancer,FALSE,World Bank High Income,region,incidence,Incidence,Rate,Female,0.00023798413446931,0.000268396836995908,0.000206272192728785,65-69 years,67.5,70,65-69
18,432,44578,1,3,2,2023,neo_cervical,65 to 69,Cervical cancer,FALSE,World Bank Low Income,region,death,Deaths,Rate,Female,0.000559360496358168,0.000852542510473394,0.000342791489215277,65-69 years,67.5,70,65-69
18,432,44578,6,3,2,2023,neo_cervical,65 to 69,Cervical cancer,FALSE,World Bank Low Income,region,incidence,Incidence,Rate,Female,0.000727265714490695,0.0011383571879777,0.000457680816576624,65-69 years,67.5,70,65-69
18,432,44577,1,3,2,2023,neo_cervical,65 to 69,Cervical cancer,FALSE,World Bank Lower Middle Income,region,death,Deaths,Rate,Female,0.000389615444997193,0.000595281583040158,0.000250536827740305,65-69 years,67.5,70,65-69
18,432,44577,6,3,2,2023,neo_cervical,65 to 69,Cervical cancer,FALSE,World Bank Lower Middle Income,region,incidence,Incidence,Rate,Female,0.000539651374817699,0.000796749521031196,0.000348103703492689,65-69 years,67.5,70,65-69
18,432,44576,1,3,2,2023,neo_cervical,65 to 69,Cervical cancer,FALSE,World Bank Upper Middle Income,region,death,Deaths,Rate,Female,0.000193509803015788,0.00023972854497665,0.00014718279453668,65-69 years,67.5,70,65-69
18,432,44576,6,3,2,2023,neo_cervical,65 to 69,Cervical cancer,FALSE,World Bank Upper Middle Income,region,incidence,Incidence,Rate,Female,0.000345019618629714,0.00045282795962127,0.000258992817266749,65-69 years,67.5,70,65-69
18,432,1,1,3,2,2023,neo_cervical,65 to 69,Cervical cancer,FALSE,Global,global,death,Deaths,Rate,Female,0.000229514206948578,0.00030235839729916,0.000177642520130282,65-69 years,67.5,70,65-69
18,432,1,6,3,2,2023,neo_cervical,65 to 69,Cervical cancer,FALSE,Global,global,incidence,Incidence,Rate,Female,0.000375320599295809,0.000493745455654672,0.0002921319244312,65-69 years,67.5,70,65-69
19,432,44575,1,3,2,2023,neo_cervical,70 to 74,Cervical cancer,FALSE,World Bank High Income,region,death,Deaths,Rate,Female,0.000122840149499804,0.000134298315246751,0.000111034662197731,70-74 years,72.5,75,70-74
19,432,44575,6,3,2,2023,neo_cervical,70 to 74,Cervical cancer,FALSE,World Bank High Income,region,incidence,Incidence,Rate,Female,0.000218822883783695,0.000248153707137126,0.000190903800605056,70-74 years,72.5,75,70-74
19,432,44578,1,3,2,2023,neo_cervical,70 to 74,Cervical cancer,FALSE,World Bank Low Income,region,death,Deaths,Rate,Female,0.000618065442391389,0.000943576281399012,0.000375866023114819,70-74 years,72.5,75,70-74
19,432,44578,6,3,2,2023,neo_cervical,70 to 74,Cervical cancer,FALSE,World Bank Low Income,region,incidence,Incidence,Rate,Female,0.000707061652624248,0.00108543177238765,0.000431584098010662,70-74 years,72.5,75,70-74
19,432,44577,1,3,2,2023,neo_cervical,70 to 74,Cervical cancer,FALSE,World Bank Lower Middle Income,region,death,Deaths,Rate,Female,0.000444225966870341,0.00067382386867638,0.000278523996007965,70-74 years,72.5,75,70-74
19,432,44577,6,3,2,2023,neo_cervical,70 to 74,Cervical cancer,FALSE,World Bank Lower Middle Income,region,incidence,Incidence,Rate,Female,0.000531997794511716,0.000800176788917297,0.00032882488541883,70-74 years,72.5,75,70-74
19,432,44576,1,3,2,2023,neo_cervical,70 to 74,Cervical cancer,FALSE,World Bank Upper Middle Income,region,death,Deaths,Rate,Female,0.000216663027995601,0.000278552125820613,0.000164219382098126,70-74 years,72.5,75,70-74
19,432,44576,6,3,2,2023,neo_cervical,70 to 74,Cervical cancer,FALSE,World Bank Upper Middle Income,region,incidence,Incidence,Rate,Female,0.000314545720517983,0.000406812046118301,0.000233523531960682,70-74 years,72.5,75,70-74
19,432,1,1,3,2,2023,neo_cervical,70 to 74,Cervical cancer,FALSE,Global,global,death,Deaths,Rate,Female,0.000249114696468361,0.000317370003098627,0.000195573654602667,70-74 years,72.5,75,70-74
19,432,1,6,3,2,2023,neo_cervical,70 to 74,Cervical cancer,FALSE,Global,global,incidence,Incidence,Rate,Female,0.000343895236517041,0.000446269893139321,0.000272931713032253,70-74 years,72.5,75,70-74
20,432,44575,1,3,2,2023,neo_cervical,75 to 79,Cervical cancer,FALSE,World Bank High Income,region,death,Deaths,Rate,Female,0.000134584179349463,0.000149178476212469,0.000117280604302027,75-79 years,77.5,80,75-79
20,432,44575,6,3,2,2023,neo_cervical,75 to 79,Cervical cancer,FALSE,World Bank High Income,region,incidence,Incidence,Rate,Female,0.000213365977052565,0.000244164166991694,0.000178385715294543,75-79 years,77.5,80,75-79
20,432,44578,1,3,2,2023,neo_cervical,75 to 79,Cervical cancer,FALSE,World Bank Low Income,region,death,Deaths,Rate,Female,0.000599436492726236,0.000889026341462759,0.000363996635366702,75-79 years,77.5,80,75-79
20,432,44578,6,3,2,2023,neo_cervical,75 to 79,Cervical cancer,FALSE,World Bank Low Income,region,incidence,Incidence,Rate,Female,0.000616578066197705,0.000921798692706136,0.00037231424158918,75-79 years,77.5,80,75-79
20,432,44577,1,3,2,2023,neo_cervical,75 to 79,Cervical cancer,FALSE,World Bank Lower Middle Income,region,death,Deaths,Rate,Female,0.000391231384288951,0.000557370169997403,0.000249969982738708,75-79 years,77.5,80,75-79
20,432,44577,6,3,2,2023,neo_cervical,75 to 79,Cervical cancer,FALSE,World Bank Lower Middle Income,region,incidence,Incidence,Rate,Female,0.000416886294391757,0.000607085978877143,0.000262973785352291,75-79 years,77.5,80,75-79
20,432,44576,1,3,2,2023,neo_cervical,75 to 79,Cervical cancer,FALSE,World Bank Upper Middle Income,region,death,Deaths,Rate,Female,0.000262875794601994,0.0003374272378764,0.000191981405261668,75-79 years,77.5,80,75-79
20,432,44576,6,3,2,2023,neo_cervical,75 to 79,Cervical cancer,FALSE,World Bank Upper Middle Income,region,incidence,Incidence,Rate,Female,0.000332350748152629,0.000418107411540577,0.000241406337660997,75-79 years,77.5,80,75-79
20,432,1,1,3,2,2023,neo_cervical,75 to 79,Cervical cancer,FALSE,Global,global,death,Deaths,Rate,Female,0.000253646624353395,0.000318616578440221,0.000200211026264419,75-79 years,77.5,80,75-79
20,432,1,6,3,2,2023,neo_cervical,75 to 79,Cervical cancer,FALSE,Global,global,incidence,Incidence,Rate,Female,0.000315765269158907,0.00039869793912648,0.000250693090928012,75-79 years,77.5,80,75-79
30,432,44575,1,3,2,2023,neo_cervical,80 to 84,Cervical cancer,FALSE,World Bank High Income,region,death,Deaths,Rate,Female,0.000168646236709934,0.000193534034410794,0.000133055424311979,80-84 years,82.5,85,80-84
30,432,44575,6,3,2,2023,neo_cervical,80 to 84,Cervical cancer,FALSE,World Bank High Income,region,incidence,Incidence,Rate,Female,0.00019791963561915,0.000234030898685715,0.000153147117898552,80-84 years,82.5,85,80-84
30,432,44578,1,3,2,2023,neo_cervical,80 to 84,Cervical cancer,FALSE,World Bank Low Income,region,death,Deaths,Rate,Female,0.000599074093806609,0.000889649502399918,0.000386782346585612,80-84 years,82.5,85,80-84
30,432,44578,6,3,2,2023,neo_cervical,80 to 84,Cervical cancer,FALSE,World Bank Low Income,region,incidence,Incidence,Rate,Female,0.000515772916821377,0.000776372759635613,0.000332133950964023,80-84 years,82.5,85,80-84
30,432,44577,1,3,2,2023,neo_cervical,80 to 84,Cervical cancer,FALSE,World Bank Lower Middle Income,region,death,Deaths,Rate,Female,0.000442898634877736,0.000672059709156766,0.000275146221060029,80-84 years,82.5,85,80-84
30,432,44577,6,3,2,2023,neo_cervical,80 to 84,Cervical cancer,FALSE,World Bank Lower Middle Income,region,incidence,Incidence,Rate,Female,0.000390065076674664,0.000595067599753914,0.000240476956631711,80-84 years,82.5,85,80-84
30,432,44576,1,3,2,2023,neo_cervical,80 to 84,Cervical cancer,FALSE,World Bank Upper Middle Income,region,death,Deaths,Rate,Female,0.000294321731318307,0.000386735895403877,0.000221361921874019,80-84 years,82.5,85,80-84
30,432,44576,6,3,2,2023,neo_cervical,80 to 84,Cervical cancer,FALSE,World Bank Upper Middle Income,region,incidence,Incidence,Rate,Female,0.000288424781876818,0.000382573764292246,0.00020937115041913,80-84 years,82.5,85,80-84
30,432,1,1,3,2,2023,neo_cervical,80 to 84,Cervical cancer,FALSE,Global,global,death,Deaths,Rate,Female,0.000279690851007534,0.0003662355642805,0.000221112396641171,80-84 years,82.5,85,80-84
30,432,1,6,3,2,2023,neo_cervical,80 to 84,Cervical cancer,FALSE,Global,global,incidence,Incidence,Rate,Female,0.000277080794257557,0.000358850615082606,0.00021446482167772,80-84 years,82.5,85,80-84
31,432,44575,1,3,2,2023,neo_cervical,85 to 89,Cervical cancer,FALSE,World Bank High Income,region,death,Deaths,Rate,Female,0.000212081210188594,0.000249481391262464,0.000158273982319853,85-89 years,87.5,90,85-89
31,432,44575,6,3,2,2023,neo_cervical,85 to 89,Cervical cancer,FALSE,World Bank High Income,region,incidence,Incidence,Rate,Female,0.000246341568146279,0.000300347274429426,0.000180022329869642,85-89 years,87.5,90,85-89
31,432,44578,1,3,2,2023,neo_cervical,85 to 89,Cervical cancer,FALSE,World Bank Low Income,region,death,Deaths,Rate,Female,0.000608829907798447,0.000920174325395567,0.00037469304534623,85-89 years,87.5,90,85-89
31,432,44578,6,3,2,2023,neo_cervical,85 to 89,Cervical cancer,FALSE,World Bank Low Income,region,incidence,Incidence,Rate,Female,0.000485212578452223,0.000743569971154184,0.000297899760354755,85-89 years,87.5,90,85-89
31,432,44577,1,3,2,2023,neo_cervical,85 to 89,Cervical cancer,FALSE,World Bank Lower Middle Income,region,death,Deaths,Rate,Female,0.000442226693211395,0.000668911133802342,0.000280821746762577,85-89 years,87.5,90,85-89
31,432,44577,6,3,2,2023,neo_cervical,85 to 89,Cervical cancer,FALSE,World Bank Lower Middle Income,region,incidence,Incidence,Rate,Female,0.000363311576455698,0.000544284100218539,0.000228766447746052,85-89 years,87.5,90,85-89
31,432,44576,1,3,2,2023,neo_cervical,85 to 89,Cervical cancer,FALSE,World Bank Upper Middle Income,region,death,Deaths,Rate,Female,0.000319245883396086,0.000409295427177016,0.000238777132918713,85-89 years,87.5,90,85-89
31,432,44576,6,3,2,2023,neo_cervical,85 to 89,Cervical cancer,FALSE,World Bank Upper Middle Income,region,incidence,Incidence,Rate,Female,0.000297102965734895,0.000383964611605667,0.000217978559935625,85-89 years,87.5,90,85-89
31,432,1,1,3,2,2023,neo_cervical,85 to 89,Cervical cancer,FALSE,Global,global,death,Deaths,Rate,Female,0.000296785177768743,0.000376950894292367,0.000233615993912158,85-89 years,87.5,90,85-89
31,432,1,6,3,2,2023,neo_cervical,85 to 89,Cervical cancer,FALSE,Global,global,incidence,Incidence,Rate,Female,0.00028874094073791,0.000367614440183482,0.000222552911423811,85-89 years,87.5,90,85-89
32,432,44575,1,3,2,2023,neo_cervical,90 to 94,Cervical cancer,FALSE,World Bank High Income,region,death,Deaths,Rate,Female,0.000273731069778645,0.000325587715586111,0.000201324643583618,90-94 years,92.5,95,90-94
32,432,44575,6,3,2,2023,neo_cervical,90 to 94,Cervical cancer,FALSE,World Bank High Income,region,incidence,Incidence,Rate,Female,0.000258094915308347,0.000311268139212864,0.000186843341772586,90-94 years,92.5,95,90-94
32,432,44578,1,3,2,2023,neo_cervical,90 to 94,Cervical cancer,FALSE,World Bank Low Income,region,death,Deaths,Rate,Female,0.000448499347676759,0.000701238249682047,0.000279370084636414,90-94 years,92.5,95,90-94
32,432,44578,6,3,2,2023,neo_cervical,90 to 94,Cervical cancer,FALSE,World Bank Low Income,region,incidence,Incidence,Rate,Female,0.000308053567869438,0.000480353703491134,0.000191524723820275,90-94 years,92.5,95,90-94
32,432,44577,1,3,2,2023,neo_cervical,90 to 94,Cervical cancer,FALSE,World Bank Lower Middle Income,region,death,Deaths,Rate,Female,0.000358847161038242,0.000582397190383902,0.000216329017393956,90-94 years,92.5,95,90-94
32,432,44577,6,3,2,2023,neo_cervical,90 to 94,Cervical cancer,FALSE,World Bank Lower Middle Income,region,incidence,Incidence,Rate,Female,0.000254570621383215,0.000412129363487979,0.000153532476400335,90-94 years,92.5,95,90-94
32,432,44576,1,3,2,2023,neo_cervical,90 to 94,Cervical cancer,FALSE,World Bank Upper Middle Income,region,death,Deaths,Rate,Female,0.000353663682443164,0.000461918217394377,0.000259685440802407,90-94 years,92.5,95,90-94
32,432,44576,6,3,2,2023,neo_cervical,90 to 94,Cervical cancer,FALSE,World Bank Upper Middle Income,region,incidence,Incidence,Rate,Female,0.000280884554506222,0.000384899620199956,0.000203298141419416,90-94 years,92.5,95,90-94
32,432,1,1,3,2,2023,neo_cervical,90 to 94,Cervical cancer,FALSE,Global,global,death,Deaths,Rate,Female,0.0003159301358272,0.000400478557941149,0.000240634775987847,90-94 years,92.5,95,90-94
32,432,1,6,3,2,2023,neo_cervical,90 to 94,Cervical cancer,FALSE,Global,global,incidence,Incidence,Rate,Female,0.000266603797761665,0.000336373025712354,0.000200111589431126,90-94 years,92.5,95,90-94
235,432,44575,1,3,2,2023,neo_cervical,95 plus,Cervical cancer,FALSE,World Bank High Income,region,death,Deaths,Rate,Female,0.000348338801220722,0.000415609487967642,0.000247252743102561,95+ years,110,125,95+
235,432,44575,6,3,2,2023,neo_cervical,95 plus,Cervical cancer,FALSE,World Bank High Income,region,incidence,Incidence,Rate,Female,0.000257190023971255,0.000312413115630687,0.00018304493748852,95+ years,110,125,95+
235,432,44578,1,3,2,2023,neo_cervical,95 plus,Cervical cancer,FALSE,World Bank Low Income,region,death,Deaths,Rate,Female,0.000554602378890022,0.000909922771678005,0.000303566653011037,95+ years,110,125,95+
235,432,44578,6,3,2,2023,neo_cervical,95 plus,Cervical cancer,FALSE,World Bank Low Income,region,incidence,Incidence,Rate,Female,0.000321564869324793,0.000525957403029965,0.000175870082391027,95+ years,110,125,95+
235,432,44577,1,3,2,2023,neo_cervical,95 plus,Cervical cancer,FALSE,World Bank Lower Middle Income,region,death,Deaths,Rate,Female,0.000398625021123704,0.000632538656402391,0.000238032091881225,95+ years,110,125,95+
235,432,44577,6,3,2,2023,neo_cervical,95 plus,Cervical cancer,FALSE,World Bank Lower Middle Income,region,incidence,Incidence,Rate,Female,0.000236516027312019,0.000382100873765672,0.000141891351938561,95+ years,110,125,95+
235,432,44576,1,3,2,2023,neo_cervical,95 plus,Cervical cancer,FALSE,World Bank Upper Middle Income,region,death,Deaths,Rate,Female,0.000409504208006136,0.000547908863806044,0.000285134820609455,95+ years,110,125,95+
235,432,44576,6,3,2,2023,neo_cervical,95 plus,Cervical cancer,FALSE,World Bank Upper Middle Income,region,incidence,Incidence,Rate,Female,0.000261881587153526,0.00035201618572549,0.000181307449083554,95+ years,110,125,95+
235,432,1,1,3,2,2023,neo_cervical,95 plus,Cervical cancer,FALSE,Global,global,death,Deaths,Rate,Female,0.000378599186023347,0.000476046000623705,0.000266513689454045,95+ years,110,125,95+
235,432,1,6,3,2,2023,neo_cervical,95 plus,Cervical cancer,FALSE,Global,global,incidence,Incidence,Rate,Female,0.000257414868626443,0.000320654471999198,0.000179597283285932,95+ years,110,125,95+
